,sector,correlation
0,XLE,0.6578032669353951
1,XLC,0.7128180132343306
2,XLF,0.8446575833631894
3,XLRE,0.8623076032531952
4,XLK,0.899091073552528
5,XLU,0.9026737665830418
6,XLP,0.90351083529373
7,XLV,0.9147858643602068
8,XLY,0.9153557478692561
9,XLB,0.915817751587506
10,XLI,0.9176073403703185
